type,client,tx,amount
deposit,96,1,7
deposit,30,2,3
withdrawal,92,3,4
deposit,55,4,3
deposit,53,5,16
withdrawal,82,6,13
deposit,78,7,14
deposit,91,8,19
withdrawal,55,9,12
withdrawal,24,10,10
deposit,72,11,18
withdrawal,75,12,2
withdrawal,78,13,4
withdrawal,19,14,12
withdrawal,77,16,12
withdrawal,63,17,19
deposit,30,18,8
withdrawal,93,19,7
dispute,82,6
deposit,19,21,16
withdrawal,45,22,3
deposit,44,23,0
deposit,84,24,18
withdrawal,15,25,7
withdrawal,10,26,13
chargeback,82,6
deposit,65,28,5
deposit,76,29,18
deposit,6,30,11
withdrawal,35,31,8
withdrawal,1,32,19
deposit,16,33,18
withdrawal,4,34,12
withdrawal,23,35,2
deposit,46,36,8
withdrawal,56,37,16
withdrawal,40,38,11
withdrawal,13,39,2
withdrawal,59,40,2
deposit,57,41,6
deposit,39,42,8
deposit,55,43,4
deposit,59,44,4
deposit,30,45,11
withdrawal,20,46,8
deposit,7,47,5
withdrawal,68,48,14
deposit,92,49,12
withdrawal,79,50,6
withdrawal,71,52,18
deposit,12,53,0
deposit,43,54,10
deposit,20,55,0
withdrawal,81,56,5
deposit,36,57,4
withdrawal,44,58,9
withdrawal,68,59,9
withdrawal,22,60,5
deposit,40,61,3
dispute,75,12
withdrawal,54,63,3
withdrawal,79,64,8
withdrawal,96,65,13
deposit,61,66,12
resolve,75,12
deposit,98,68,7
dispute,59,40
withdrawal,27,70,9
deposit,39,71,16
deposit,63,72,1
withdrawal,23,73,6
withdrawal,54,74,12
withdrawal,95,75,11
deposit,80,76,18
withdrawal,22,77,10
withdrawal,10,78,9
withdrawal,6,79,9
chargeback,59,40
withdrawal,42,81,14
withdrawal,33,82,4
withdrawal,55,83,17
deposit,64,84,9
deposit,19,85,19
withdrawal,94,86,16
withdrawal,55,87,15
deposit,91,88,12
dispute,98,68
deposit,6,90,14
deposit,81,91,6
deposit,75,92,14
deposit,9,93,11
deposit,15,94,14
deposit,19,95,10
withdrawal,42,96,5
resolve,98,68
deposit,49,98,1
deposit,22,99,15
withdrawal,34,100,5
deposit,9,101,2
withdrawal,83,102,4
deposit,97,103,2
deposit,51,104,5
deposit,48,105,8
withdrawal,30,106,13
deposit,94,107,9
deposit,65,108,0
withdrawal,33,109,16
deposit,11,110,7
deposit,76,111,8
withdrawal,66,112,3
deposit,66,113,13
withdrawal,89,114,6
deposit,52,115,12
dispute,95,75
resolve,95,75
deposit,73,118,16
withdrawal,22,119,10
withdrawal,20,120,5
deposit,95,121,15
withdrawal,46,122,10
deposit,16,123,15
deposit,7,124,8
deposit,61,125,19
withdrawal,58,126,3
deposit,76,127,0
withdrawal,85,129,3
withdrawal,9,130,8
withdrawal,55,131,16
deposit,93,132,19
withdrawal,57,133,11
deposit,61,134,8
deposit,84,135,13
withdrawal,58,136,1
deposit,18,137,0
deposit,42,138,4
withdrawal,3,139,11
withdrawal,30,140,9
withdrawal,41,141,6
withdrawal,14,142,8
dispute,81,56
deposit,72,144,19
withdrawal,54,145,1
deposit,4,146,4
withdrawal,58,147,7
deposit,93,148,13
deposit,89,149,0
deposit,36,150,10
withdrawal,16,151,11
deposit,91,152,13
withdrawal,90,153,0
deposit,97,154,7
deposit,84,155,12
deposit,85,156,16
deposit,49,157,18
dispute,73,118
withdrawal,16,159,9
withdrawal,63,160,14
resolve,81,56
deposit,52,162,0
deposit,42,163,15
withdrawal,49,164,19
deposit,66,165,4
deposit,49,166,9
withdrawal,60,167,8
deposit,81,168,10
withdrawal,74,169,2
deposit,83,170,15
withdrawal,64,171,7
withdrawal,68,172,4
withdrawal,18,173,8
withdrawal,2,174,10
deposit,98,175,1
deposit,7,176,16
withdrawal,88,177,2
withdrawal,24,178,16
withdrawal,49,179,1
withdrawal,9,180,12
deposit,13,181,15
deposit,53,182,13
deposit,81,183,7
deposit,86,184,17
withdrawal,61,185,5
deposit,76,186,12
deposit,8,187,12
withdrawal,40,188,16
withdrawal,35,189,15
withdrawal,76,190,17
deposit,20,191,6
deposit,70,192,16
deposit,2,193,9
deposit,48,194,3
deposit,67,195,15
deposit,79,196,18
withdrawal,72,197,19
deposit,62,198,12
withdrawal,94,199,15
withdrawal,45,200,15
withdrawal,81,201,3
deposit,57,202,3
deposit,6,203,9
withdrawal,36,204,11
deposit,46,205,18
deposit,42,206,14
deposit,40,207,18
dispute,35,189
chargeback,73,118
withdrawal,53,210,17
deposit,4,211,4
withdrawal,46,212,15
deposit,87,213,13
deposit,97,214,13
deposit,0,215,14
deposit,99,216,8
deposit,80,217,8
deposit,38,218,5
chargeback,35,189
withdrawal,56,220,4
deposit,77,221,6
withdrawal,46,222,7
dispute,83,170
deposit,49,224,17
withdrawal,85,225,18
deposit,16,227,12
deposit,68,228,11
withdrawal,52,229,13
deposit,60,230,6
withdrawal,97,231,2
withdrawal,28,232,10
withdrawal,71,233,3
deposit,98,234,4
deposit,39,235,1
deposit,92,236,2
withdrawal,45,237,0
chargeback,83,170
withdrawal,41,239,6
deposit,33,240,8
withdrawal,84,241,5
deposit,79,242,14
withdrawal,24,243,18
deposit,76,244,7
deposit,4,245,3
withdrawal,10,247,6
deposit,18,248,14
withdrawal,77,249,19
withdrawal,19,250,2
deposit,38,251,2
deposit,34,252,2
deposit,16,253,16
withdrawal,25,254,14
deposit,49,255,13
deposit,91,256,6
deposit,80,257,10
withdrawal,50,258,8
deposit,47,259,18
withdrawal,1,260,0
withdrawal,92,261,0
withdrawal,14,262,3
withdrawal,18,263,12
deposit,46,264,7
withdrawal,84,265,10
dispute,76,244
deposit,95,267,12
deposit,5,268,16
withdrawal,67,269,6
withdrawal,74,270,17
withdrawal,15,271,9
deposit,9,272,17
deposit,99,273,12
withdrawal,88,274,0
withdrawal,44,275,15
withdrawal,54,276,19
deposit,64,277,12
withdrawal,77,278,1
deposit,67,279,9
withdrawal,91,280,8
deposit,5,281,0
withdrawal,68,282,12
deposit,52,283,7
deposit,29,284,4
deposit,96,285,1
withdrawal,53,286,14
deposit,60,287,12
deposit,42,288,5
deposit,85,289,18
deposit,24,290,5
deposit,81,291,4
deposit,57,292,2
deposit,47,293,0
withdrawal,79,294,14
withdrawal,93,295,11
dispute,68,172
dispute,84,155
deposit,37,298,3
withdrawal,75,299,0
withdrawal,65,300,0
withdrawal,40,301,7
deposit,89,302,4
withdrawal,95,303,7
withdrawal,89,304,0
deposit,95,305,3
deposit,23,307,16
chargeback,68,172
deposit,85,309,17
chargeback,76,244
deposit,64,312,19
deposit,10,313,17
resolve,84,155
withdrawal,29,315,9
withdrawal,3,316,2
withdrawal,72,318,8
withdrawal,74,319,9
deposit,64,320,17
deposit,78,321,7
withdrawal,40,323,6
withdrawal,9,325,5
withdrawal,79,326,0
withdrawal,50,327,2
withdrawal,5,328,9
withdrawal,61,329,9
deposit,22,330,5
deposit,58,331,6
withdrawal,65,333,6
deposit,7,334,15
deposit,15,335,4
withdrawal,87,337,16
dispute,3,316
withdrawal,64,340,9
resolve,3,316
deposit,31,342,19
deposit,6,343,13
deposit,38,345,4
deposit,72,347,10
deposit,26,348,17
withdrawal,26,349,16
withdrawal,12,350,19
deposit,5,351,5
deposit,2,352,18
withdrawal,46,353,14
deposit,38,354,15
withdrawal,27,355,0
withdrawal,55,356,19
withdrawal,77,357,9
deposit,38,358,2
deposit,21,359,12
withdrawal,93,360,3
withdrawal,90,361,5
deposit,89,362,0
withdrawal,8,363,14
withdrawal,34,365,18
withdrawal,22,366,2
withdrawal,23,367,0
deposit,45,368,2
deposit,74,369,13
withdrawal,0,370,3
withdrawal,65,371,8
withdrawal,90,372,19
withdrawal,36,373,6
deposit,28,374,4
deposit,92,375,5
deposit,23,376,16
deposit,39,378,15
withdrawal,77,379,7
deposit,48,380,2
deposit,65,381,16
dispute,36,57
deposit,65,383,0
deposit,88,384,18
withdrawal,57,386,10
withdrawal,41,387,7
withdrawal,80,388,4
deposit,89,389,2
withdrawal,53,390,4
deposit,92,392,0
dispute,85,156
withdrawal,66,394,7
deposit,88,395,1
withdrawal,21,397,9
withdrawal,48,398,14
deposit,22,399,8
deposit,7,400,3
resolve,36,57
deposit,57,402,19
deposit,77,403,12
deposit,45,404,3
deposit,46,405,10
deposit,29,407,2
withdrawal,81,408,17
deposit,25,409,17
deposit,7,410,7
withdrawal,80,411,16
withdrawal,29,412,12
withdrawal,77,413,6
deposit,37,414,11
withdrawal,50,415,16
withdrawal,75,416,11
deposit,29,417,14
chargeback,85,156
withdrawal,27,420,14
withdrawal,24,422,6
deposit,86,423,4
deposit,78,424,1
deposit,81,425,17
deposit,65,426,4
deposit,52,427,0
deposit,70,428,18
deposit,70,429,7
withdrawal,61,430,1
deposit,21,431,14
deposit,20,432,11
deposit,97,433,0
withdrawal,14,434,8
withdrawal,63,435,18
withdrawal,0,436,19
deposit,31,437,13
deposit,72,438,4
deposit,38,440,10
withdrawal,43,441,13
deposit,13,442,8
withdrawal,6,443,7
withdrawal,2,444,11
withdrawal,3,445,12
withdrawal,58,446,12
withdrawal,22,447,18
withdrawal,4,448,11
withdrawal,28,449,4
withdrawal,65,450,7
withdrawal,34,452,10
deposit,38,453,19
withdrawal,58,454,17
deposit,29,455,0
deposit,62,457,11
withdrawal,39,458,15
withdrawal,84,459,19
deposit,6,461,13
withdrawal,46,462,11
deposit,51,463,2
dispute,91,8
deposit,27,466,18
deposit,26,467,15
deposit,43,468,15
deposit,4,469,8
withdrawal,66,470,8
withdrawal,55,471,2
deposit,4,472,19
deposit,22,473,0
chargeback,91,8
dispute,24,422
withdrawal,4,476,8
deposit,94,477,0
withdrawal,78,478,11
deposit,98,479,13
withdrawal,96,480,6
deposit,61,481,10
deposit,49,482,10
deposit,84,483,1
deposit,57,484,16
withdrawal,23,486,17
deposit,92,487,8
deposit,69,488,6
withdrawal,55,489,16
deposit,51,490,11
withdrawal,51,491,14
deposit,3,492,3
dispute,80,257
resolve,24,422
deposit,97,495,0
withdrawal,27,496,6
chargeback,80,257
withdrawal,37,498,10
deposit,90,499,0
withdrawal,96,500,8
withdrawal,74,501,1
deposit,43,502,1
dispute,2,193
deposit,93,505,13
deposit,78,507,8
withdrawal,4,509,15
withdrawal,25,510,0
deposit,53,511,15
resolve,2,193
withdrawal,97,513,7
deposit,84,514,1
deposit,42,515,17
deposit,33,516,18
deposit,7,518,11
withdrawal,15,520,13
deposit,43,521,0
deposit,6,522,5
dispute,40,188
withdrawal,4,524,11
withdrawal,12,525,13
withdrawal,36,526,1
deposit,52,527,14
deposit,24,528,1
deposit,78,529,3
withdrawal,10,530,13
deposit,21,531,7
deposit,72,532,4
withdrawal,74,533,10
deposit,95,534,0
withdrawal,95,535,5
deposit,12,536,6
withdrawal,0,537,12
deposit,22,538,19
chargeback,40,188
withdrawal,86,542,1
deposit,12,543,4
withdrawal,81,544,16
deposit,12,545,11
deposit,4,546,7
withdrawal,5,547,14
withdrawal,81,548,5
deposit,94,549,12
deposit,56,550,8
withdrawal,16,551,14
deposit,26,552,4
deposit,30,553,10
withdrawal,34,554,17
dispute,10,247
deposit,64,556,16
deposit,15,557,17
withdrawal,61,559,1
withdrawal,36,560,13
deposit,42,561,7
resolve,10,247
withdrawal,33,563,18
deposit,30,565,6
deposit,97,566,15
deposit,42,567,15
deposit,11,568,17
withdrawal,38,569,1
deposit,81,570,0
withdrawal,11,571,15
withdrawal,8,572,11
deposit,6,573,18
deposit,23,575,6
deposit,38,576,2
withdrawal,86,577,14
withdrawal,74,578,9
deposit,99,579,7
withdrawal,5,580,18
deposit,60,581,11
withdrawal,86,582,4
deposit,94,585,2
withdrawal,69,586,11
withdrawal,14,587,3
deposit,37,588,15
withdrawal,0,589,19
dispute,16,253
withdrawal,72,592,17
withdrawal,56,593,18
deposit,97,594,13
deposit,67,595,11
deposit,79,596,9
withdrawal,62,597,19
withdrawal,81,598,2
withdrawal,95,599,14
withdrawal,24,600,10
deposit,1,601,7
deposit,5,602,11
withdrawal,72,604,9
withdrawal,70,605,11
deposit,47,606,0
dispute,43,502
chargeback,16,253
withdrawal,37,609,13
dispute,63,72
deposit,19,612,14
withdrawal,53,613,8
withdrawal,74,614,9
deposit,98,615,0
withdrawal,29,616,17
deposit,89,617,0
withdrawal,87,618,7
deposit,14,619,8
withdrawal,67,620,17
dispute,1,260
withdrawal,63,622,12
withdrawal,44,623,19
deposit,42,624,18
withdrawal,67,625,12
deposit,17,626,15
deposit,11,627,12
deposit,26,629,8
withdrawal,20,630,3
deposit,4,631,15
withdrawal,48,632,16
withdrawal,6,634,8
deposit,15,635,12
dispute,98,68
deposit,42,638,1
deposit,63,639,0
deposit,37,640,18
withdrawal,39,641,9
withdrawal,36,642,10
dispute,77,403
deposit,30,644,7
dispute,37,298
deposit,8,646,13
withdrawal,95,647,8
deposit,36,648,12
dispute,65,383
dispute,9,272
deposit,2,651,3
withdrawal,18,653,16
chargeback,77,403
deposit,28,655,6
withdrawal,97,657,5
deposit,42,658,0
withdrawal,61,659,15
chargeback,98,68
withdrawal,60,661,16
deposit,51,662,10
deposit,56,663,14
withdrawal,18,665,18
deposit,7,666,4
deposit,19,667,16
deposit,24,669,1
withdrawal,19,671,2
deposit,14,672,9
deposit,1,673,1
deposit,28,674,7
deposit,19,675,1
deposit,52,677,5
withdrawal,69,678,4
deposit,70,679,2
withdrawal,97,680,1
deposit,13,681,18
deposit,93,682,12
withdrawal,64,683,13
deposit,41,684,14
withdrawal,78,685,14
deposit,92,686,10
deposit,6,687,13
dispute,49,157
withdrawal,33,689,0
deposit,52,690,1
withdrawal,63,693,14
withdrawal,66,694,17
withdrawal,74,695,1
withdrawal,33,696,8
deposit,9,697,14
withdrawal,90,698,11
deposit,15,699,12
deposit,29,700,3
deposit,75,702,15
deposit,63,703,16
deposit,62,706,13
deposit,33,708,4
withdrawal,32,709,18
withdrawal,5,710,18
deposit,94,711,18
withdrawal,37,712,14
deposit,51,713,16
deposit,19,714,18
deposit,24,715,11
withdrawal,93,716,4
deposit,81,718,4
deposit,79,719,2
deposit,13,720,6
chargeback,65,383
withdrawal,69,722,4
withdrawal,3,723,2
deposit,72,724,3
deposit,75,725,8
withdrawal,11,726,6
deposit,24,727,18
withdrawal,72,728,11
deposit,25,730,6
withdrawal,55,731,6
deposit,92,732,6
deposit,31,733,9
withdrawal,2,734,19
withdrawal,97,735,7
withdrawal,54,737,12
chargeback,1,260
dispute,24,10
withdrawal,27,741,5
dispute,46,405
dispute,44,623
withdrawal,36,744,14
resolve,49,157
deposit,74,746,4
withdrawal,49,747,3
chargeback,46,405
deposit,89,750,11
deposit,93,751,16
deposit,87,752,16
withdrawal,19,753,1
resolve,63,72
deposit,36,756,3
withdrawal,10,757,19
withdrawal,3,758,15
deposit,84,759,10
deposit,18,760,5
withdrawal,23,761,12
withdrawal,64,762,11
deposit,49,763,7
deposit,31,764,2
deposit,44,768,13
deposit,10,769,18
withdrawal,74,770,12
withdrawal,34,771,1
deposit,10,773,19
deposit,55,774,4
deposit,51,775,16
withdrawal,31,776,11
chargeback,24,10
withdrawal,18,778,10
deposit,75,779,4
deposit,94,780,3
withdrawal,71,782,13
withdrawal,42,783,5
deposit,43,784,4
chargeback,37,298
dispute,74,270
resolve,44,623
deposit,63,788,14
deposit,45,789,10
withdrawal,45,791,3
withdrawal,2,792,4
deposit,28,793,18
deposit,72,794,9
deposit,7,797,6
withdrawal,99,800,7
chargeback,43,502
withdrawal,19,804,2
deposit,47,805,11
chargeback,9,272
withdrawal,54,807,1
deposit,99,808,17
deposit,99,810,7
deposit,26,811,8
deposit,54,812,3
withdrawal,75,814,18
resolve,74,270
withdrawal,78,817,7
withdrawal,36,818,2
dispute,7,176
withdrawal,36,820,19
deposit,3,821,19
deposit,94,823,8
withdrawal,90,824,11
withdrawal,2,827,13
withdrawal,62,828,1
resolve,7,176
deposit,99,831,0
withdrawal,58,832,13
withdrawal,6,833,7
deposit,18,835,18
deposit,72,838,15
deposit,95,841,9
deposit,84,842,17
withdrawal,33,844,11
deposit,75,845,17
deposit,62,847,2
deposit,58,848,11
deposit,94,849,2
deposit,61,850,0
withdrawal,4,851,17
withdrawal,89,852,6
deposit,27,853,19
deposit,64,854,0
withdrawal,70,855,14
withdrawal,26,856,12
withdrawal,20,857,18
withdrawal,54,859,13
deposit,13,862,5
deposit,32,863,18
dispute,13,720
resolve,13,720
deposit,66,866,11
withdrawal,26,868,10
withdrawal,81,869,9
withdrawal,11,870,17
deposit,54,871,14
deposit,28,872,9
withdrawal,58,875,7
withdrawal,66,878,7
dispute,22,366
withdrawal,44,880,3
withdrawal,70,881,4
withdrawal,64,882,6
withdrawal,17,883,10
deposit,94,884,1
withdrawal,56,885,12
withdrawal,45,886,11
deposit,25,887,5
deposit,7,888,9
withdrawal,44,889,6
withdrawal,79,893,6
deposit,97,894,2
withdrawal,51,897,2
resolve,22,366
deposit,23,900,14
deposit,31,902,5
deposit,69,903,13
dispute,72,794
deposit,45,905,10
withdrawal,57,906,7
deposit,22,909,18
deposit,84,910,5
deposit,56,911,2
withdrawal,33,912,19
withdrawal,96,913,12
dispute,61,659
withdrawal,53,915,18
deposit,57,916,0
deposit,12,917,6
deposit,3,918,5
chargeback,72,794
dispute,95,303
withdrawal,71,921,12
chargeback,61,659
deposit,3,923,18
withdrawal,39,924,10
deposit,44,925,18
withdrawal,90,928,19
deposit,97,929,18
deposit,4,930,9
deposit,88,931,18
withdrawal,81,932,1
deposit,44,933,11
withdrawal,33,934,12
withdrawal,50,935,0
deposit,56,936,8
deposit,49,937,1
deposit,57,938,11
withdrawal,4,939,7
withdrawal,49,940,9
deposit,93,941,14
dispute,44,880
deposit,50,944,15
deposit,23,945,16
withdrawal,53,947,10
deposit,57,948,15
deposit,11,949,6
deposit,95,950,10
deposit,48,951,0
deposit,4,952,0
deposit,42,953,14
deposit,15,955,13
withdrawal,58,956,14
deposit,75,957,0
deposit,52,958,11
withdrawal,12,959,2
deposit,28,961,10
deposit,51,962,8
deposit,21,963,3
withdrawal,38,964,19
deposit,7,965,10
withdrawal,34,966,12
deposit,13,967,6
withdrawal,20,968,3
deposit,48,969,8
deposit,63,970,16
deposit,3,971,14
withdrawal,22,972,19
withdrawal,29,973,6
withdrawal,41,974,13
withdrawal,64,975,15
deposit,28,976,6
deposit,66,978,11
withdrawal,7,979,12
deposit,87,980,8
deposit,34,981,10
deposit,26,985,13
withdrawal,50,986,9
withdrawal,70,987,4
withdrawal,6,988,19
withdrawal,34,990,1
deposit,5,992,13
deposit,5,994,14
deposit,36,996,17
deposit,53,997,18
deposit,90,998,9
withdrawal,49,999,16
deposit,48,1000,9
withdrawal,95,1001,1
withdrawal,38,1002,12
deposit,29,1003,7
deposit,32,1004,4
withdrawal,0,1006,18
dispute,97,566
resolve,44,880
withdrawal,11,1009,1
deposit,6,1010,17
withdrawal,47,1011,12
withdrawal,20,1012,9
deposit,25,1014,5
withdrawal,60,1015,19
chargeback,95,303
withdrawal,13,1017,4
deposit,6,1018,9
deposit,11,1019,9
deposit,6,1020,16
withdrawal,64,1021,17
deposit,62,1022,10
deposit,15,1023,5
withdrawal,99,1024,6
resolve,97,566
withdrawal,18,1026,0
deposit,20,1028,19
deposit,52,1029,3
withdrawal,18,1031,17
deposit,38,1032,16
withdrawal,14,1034,6
deposit,12,1035,12
withdrawal,86,1036,17
withdrawal,45,1039,10
deposit,22,1040,9
deposit,44,1043,16
deposit,97,1044,6
deposit,15,1045,7
withdrawal,87,1046,9
deposit,27,1047,1
withdrawal,15,1049,13
withdrawal,52,1050,16
withdrawal,27,1051,15
deposit,23,1053,7
deposit,29,1055,15
withdrawal,4,1056,11
withdrawal,97,1057,12
deposit,10,1060,0
deposit,45,1061,2
withdrawal,8,1062,0
withdrawal,67,1063,13
deposit,60,1065,0
deposit,50,1066,19
withdrawal,20,1067,11
deposit,92,1068,16
deposit,44,1069,6
deposit,39,1070,17
deposit,29,1071,17
withdrawal,10,1073,4
deposit,81,1074,13
withdrawal,88,1075,4
dispute,36,648
deposit,86,1078,19
dispute,30,2
deposit,33,1080,4
withdrawal,57,1081,6
deposit,51,1082,16
resolve,36,648
withdrawal,34,1084,7
deposit,90,1086,5
deposit,20,1088,2
chargeback,30,2
deposit,27,1090,10
withdrawal,8,1091,18
withdrawal,6,1092,6
deposit,18,1095,2
deposit,33,1097,7
withdrawal,84,1098,5
deposit,56,1099,5
deposit,20,1100,11
deposit,79,1101,3
withdrawal,22,1103,6
withdrawal,18,1105,5
deposit,84,1106,16
deposit,57,1107,2
deposit,39,1108,4
withdrawal,58,1110,9
deposit,33,1111,11
deposit,17,1113,9
withdrawal,71,1115,8
withdrawal,79,1118,15
deposit,58,1119,10
deposit,42,1121,14
deposit,48,1122,1
deposit,62,1123,11
deposit,79,1124,9
deposit,25,1125,10
dispute,20,1100
dispute,99,1024
withdrawal,84,1128,0
deposit,7,1129,13
deposit,51,1130,0
deposit,12,1132,4
withdrawal,55,1133,2
withdrawal,94,1135,3
deposit,31,1136,11
deposit,2,1139,9
deposit,22,1142,10
withdrawal,51,1144,6
deposit,86,1145,16
deposit,44,1146,11
deposit,88,1148,9
withdrawal,21,1149,17
dispute,50,986
withdrawal,70,1151,4
deposit,81,1153,4
withdrawal,28,1155,0
withdrawal,67,1156,13
deposit,15,1159,7
withdrawal,17,1160,11
deposit,88,1162,0
deposit,54,1164,16
deposit,39,1165,3
withdrawal,34,1166,19
withdrawal,89,1167,8
withdrawal,14,1168,9
deposit,69,1170,2
withdrawal,20,1171,7
withdrawal,6,1174,6
withdrawal,49,1175,13
chargeback,20,1100
withdrawal,36,1178,15
deposit,44,1179,9
deposit,33,1181,16
deposit,22,1182,12
deposit,25,1183,0
withdrawal,94,1184,12
deposit,6,1185,16
deposit,13,1187,2
dispute,27,355
withdrawal,53,1190,7
withdrawal,17,1192,5
deposit,56,1193,13
withdrawal,32,1196,19
deposit,22,1199,0
deposit,32,1200,3
withdrawal,56,1201,4
withdrawal,18,1202,9
withdrawal,8,1203,3
deposit,94,1205,3
chargeback,99,1024
withdrawal,41,1208,11
deposit,29,1209,5
deposit,75,1210,1
deposit,48,1211,13
withdrawal,87,1212,1
withdrawal,39,1213,2
deposit,26,1218,16
dispute,26,856
withdrawal,15,1221,2
deposit,39,1223,6
deposit,55,1224,7
deposit,33,1225,14
deposit,94,1227,16
withdrawal,38,1229,7
withdrawal,64,1230,9
chargeback,50,986
resolve,27,355
resolve,26,856
withdrawal,45,1238,15
deposit,31,1241,16
deposit,22,1243,0
withdrawal,45,1244,2
deposit,38,1246,0
withdrawal,52,1248,3
deposit,71,1249,8
deposit,86,1250,6
withdrawal,19,1253,10
deposit,14,1254,15
withdrawal,53,1255,3
deposit,45,1256,7
withdrawal,66,1257,0
deposit,18,1258,14
withdrawal,89,1259,15
deposit,88,1260,15
deposit,87,1262,1
withdrawal,92,1263,6
deposit,11,1264,9
deposit,97,1266,9
withdrawal,94,1267,4
withdrawal,71,1269,0
withdrawal,32,1270,13
deposit,89,1272,19
withdrawal,84,1273,11
deposit,62,1275,17
deposit,3,1276,11
withdrawal,48,1277,3
withdrawal,26,1278,19
deposit,93,1279,2
deposit,49,1281,10
deposit,92,1282,3
deposit,11,1286,6
withdrawal,87,1287,14
withdrawal,27,1288,3
withdrawal,58,1290,10
deposit,92,1291,8
deposit,88,1292,12
dispute,38,1002
withdrawal,79,1295,0
withdrawal,55,1296,14
deposit,6,1297,13
withdrawal,69,1298,15
deposit,86,1299,18
deposit,23,1300,7
deposit,27,1301,6
deposit,48,1302,8
resolve,38,1002
withdrawal,10,1304,4
deposit,26,1305,11
withdrawal,28,1306,17
deposit,11,1307,9
withdrawal,48,1309,5
deposit,75,1312,13
withdrawal,89,1315,9
withdrawal,57,1316,6
deposit,39,1317,5
withdrawal,52,1319,13
deposit,62,1320,3
withdrawal,29,1322,3
deposit,69,1324,18
deposit,12,1325,12
deposit,34,1327,16
deposit,75,1328,12
withdrawal,97,1329,11
deposit,15,1330,16
deposit,90,1331,13
withdrawal,56,1332,18
deposit,45,1333,16
withdrawal,81,1334,3
withdrawal,81,1338,14
deposit,96,1339,13
deposit,53,1340,13
withdrawal,15,1341,8
deposit,31,1342,2
withdrawal,22,1344,19
deposit,71,1345,12
deposit,70,1346,3
deposit,6,1348,2
withdrawal,93,1349,5
deposit,79,1350,14
deposit,41,1351,9
deposit,45,1352,19
withdrawal,5,1353,2
withdrawal,23,1354,19
deposit,28,1355,2
deposit,87,1357,18
withdrawal,21,1358,5
deposit,56,1359,19
deposit,64,1361,9
deposit,88,1362,0
dispute,56,220
deposit,10,1366,0
withdrawal,42,1367,12
withdrawal,70,1368,19
withdrawal,33,1369,18
resolve,56,220
deposit,62,1371,1
withdrawal,86,1372,2
withdrawal,13,1373,19
deposit,71,1374,3
deposit,63,1375,6
withdrawal,51,1376,15
deposit,89,1378,3
deposit,6,1379,8
deposit,70,1380,12
deposit,70,1381,18
withdrawal,84,1383,5
withdrawal,23,1385,8
withdrawal,53,1387,13
deposit,90,1388,16
dispute,97,1044
deposit,23,1390,2
withdrawal,18,1391,0
deposit,0,1396,18
deposit,64,1397,8
withdrawal,21,1398,3
deposit,60,1399,6
dispute,75,416
withdrawal,44,1401,6
deposit,48,1402,10
deposit,48,1403,1
withdrawal,7,1404,7
deposit,60,1405,3
resolve,97,1044
deposit,0,1407,10
deposit,28,1408,6
dispute,55,1224
withdrawal,3,1411,9
withdrawal,69,1412,16
deposit,56,1413,10
deposit,19,1414,13
deposit,26,1415,8
deposit,13,1418,10
withdrawal,53,1419,7
withdrawal,90,1420,3
deposit,21,1421,11
deposit,42,1422,15
deposit,29,1424,1
deposit,49,1425,8
withdrawal,41,1426,16
deposit,23,1427,1
chargeback,75,416
deposit,62,1431,6
withdrawal,44,1432,5
withdrawal,94,1433,7
withdrawal,47,1434,11
deposit,36,1435,16
deposit,6,1438,11
deposit,89,1439,17
deposit,69,1440,2
withdrawal,66,1441,9
deposit,28,1443,18
resolve,55,1224
withdrawal,74,1446,1
deposit,13,1448,2
deposit,25,1449,6
withdrawal,21,1450,5
deposit,60,1451,7
deposit,81,1452,3
deposit,31,1453,4
withdrawal,74,1454,13
deposit,27,1455,6
withdrawal,56,1456,14
withdrawal,42,1458,11
deposit,54,1461,5
deposit,38,1467,10
dispute,23,367
withdrawal,69,1470,19
deposit,4,1472,2
withdrawal,97,1473,18
withdrawal,11,1474,6
deposit,23,1475,7
deposit,13,1476,15
deposit,11,1477,7
withdrawal,36,1479,6
withdrawal,92,1480,11
deposit,53,1481,17
deposit,48,1482,14
deposit,23,1483,19
deposit,21,1484,13
withdrawal,66,1486,13
deposit,31,1487,3
deposit,31,1488,4
dispute,90,153
deposit,6,1490,15
deposit,5,1491,8
withdrawal,27,1492,0
withdrawal,42,1493,11
deposit,92,1494,14
deposit,67,1495,10
resolve,23,367
deposit,19,1498,15
deposit,29,1499,17
dispute,44,1043
withdrawal,7,1501,15
withdrawal,28,1503,0
deposit,14,1504,10
deposit,74,1505,6
deposit,90,1506,1
withdrawal,38,1507,17
deposit,45,1508,7
deposit,32,1509,13
withdrawal,67,1510,4
deposit,78,1511,7
deposit,4,1512,18
deposit,27,1513,7
withdrawal,55,1514,3
withdrawal,58,1515,1
deposit,62,1516,14
deposit,18,1518,13
withdrawal,88,1519,3
deposit,58,1520,18
withdrawal,92,1521,18
withdrawal,11,1522,9
deposit,78,1523,2
withdrawal,66,1524,5
deposit,34,1526,19
withdrawal,64,1527,16
deposit,60,1528,14
withdrawal,90,1532,18
deposit,7,1533,11
deposit,84,1534,3
deposit,87,1535,0
withdrawal,26,1537,7
deposit,44,1539,8
withdrawal,13,1540,2
dispute,25,887
deposit,63,1542,4
withdrawal,58,1543,19
deposit,45,1544,18
deposit,23,1545,18
deposit,53,1546,8
deposit,81,1548,18
deposit,18,1549,8
deposit,63,1550,4
deposit,93,1551,17
deposit,19,1552,5
withdrawal,62,1555,17
dispute,15,1341
dispute,87,1287
resolve,15,1341
deposit,52,1560,4
deposit,49,1561,15
withdrawal,10,1562,0
deposit,4,1563,6
withdrawal,29,1564,10
withdrawal,21,1567,13
withdrawal,71,1569,19
withdrawal,41,1570,8
deposit,0,1571,17
withdrawal,71,1573,7
deposit,8,1574,5
withdrawal,96,1575,3
deposit,57,1576,16
withdrawal,49,1578,12
withdrawal,23,1580,11
deposit,62,1581,13
deposit,49,1582,5
withdrawal,90,1584,19
withdrawal,19,1585,14
withdrawal,92,1587,11
withdrawal,54,1588,0
deposit,52,1590,2
deposit,88,1591,5
dispute,3,1276
deposit,94,1593,12
withdrawal,88,1594,17
deposit,0,1595,11
dispute,12,543
deposit,48,1598,10
deposit,28,1600,10
deposit,34,1601,0
withdrawal,14,1602,2
withdrawal,29,1603,5
deposit,13,1604,12
deposit,67,1605,17
deposit,97,1606,5
deposit,42,1607,3
deposit,4,1608,7
withdrawal,32,1609,13
deposit,51,1610,2
chargeback,90,153
withdrawal,11,1612,6
deposit,6,1613,19
deposit,79,1618,0
deposit,57,1620,19
deposit,10,1621,14
deposit,28,1622,15
deposit,79,1623,15
deposit,74,1625,16
withdrawal,41,1626,9
deposit,71,1629,0
deposit,52,1630,8
deposit,48,1632,6
resolve,25,887
deposit,41,1634,6
dispute,26,1218
withdrawal,44,1639,6
withdrawal,2,1640,17
withdrawal,17,1641,18
dispute,79,1350
deposit,28,1643,6
chargeback,3,1276
deposit,15,1649,4
deposit,29,1650,2
withdrawal,58,1652,7
withdrawal,48,1654,16
withdrawal,29,1655,18
resolve,44,1043
deposit,38,1657,10
deposit,4,1658,2
withdrawal,44,1659,8
deposit,63,1660,19
withdrawal,54,1661,16
deposit,8,1662,17
deposit,97,1664,13
deposit,49,1665,4
deposit,84,1666,12
deposit,70,1667,5
withdrawal,58,1668,10
deposit,42,1669,0
withdrawal,66,1670,18
dispute,23,1354
withdrawal,96,1672,0
deposit,14,1674,13
deposit,4,1675,17
deposit,23,1676,13
deposit,21,1677,16
withdrawal,8,1678,17
chargeback,26,1218
withdrawal,41,1683,7
dispute,6,79
deposit,7,1685,5
deposit,28,1686,0
deposit,93,1688,7
withdrawal,60,1689,18
withdrawal,58,1690,7
withdrawal,2,1691,18
deposit,57,1692,10
deposit,23,1697,13
dispute,47,259
deposit,55,1699,18
deposit,42,1700,2
withdrawal,71,1702,4
withdrawal,69,1703,5
deposit,89,1704,4
deposit,47,1710,8
withdrawal,14,1711,13
deposit,67,1712,2
deposit,49,1713,9
chargeback,6,79
deposit,17,1717,0
deposit,10,1720,4
withdrawal,70,1721,19
withdrawal,27,1722,6
deposit,69,1723,11
deposit,56,1724,6
withdrawal,31,1726,14
withdrawal,5,1727,14
withdrawal,12,1729,10
deposit,31,1732,17
withdrawal,2,1733,16
withdrawal,49,1734,18
deposit,81,1735,12
dispute,4,1056
withdrawal,22,1740,13
resolve,79,1350
deposit,39,1742,7
withdrawal,45,1743,4
deposit,70,1744,12
deposit,13,1746,14
withdrawal,48,1748,14
withdrawal,71,1749,7
deposit,74,1750,6
deposit,58,1752,18
deposit,97,1753,17
withdrawal,18,1756,8
withdrawal,53,1757,4
deposit,70,1758,17
deposit,64,1760,5
resolve,12,543
withdrawal,48,1764,15
deposit,41,1766,9
deposit,56,1767,18
withdrawal,67,1768,0
deposit,86,1770,6
deposit,21,1771,17
deposit,78,1772,19
deposit,71,1773,1
dispute,97,513
withdrawal,87,1776,5
deposit,57,1779,1
deposit,66,1780,19
deposit,36,1784,0
deposit,2,1785,3
deposit,63,1786,2
withdrawal,14,1788,7
deposit,71,1789,2
deposit,78,1790,1
deposit,86,1791,12
withdrawal,62,1792,2
withdrawal,97,1794,12
deposit,34,1796,11
withdrawal,51,1798,19
deposit,92,1799,15
deposit,71,1800,14
withdrawal,4,1802,15
deposit,96,1804,3
deposit,78,1806,5
deposit,5,1811,9
withdrawal,60,1812,10
deposit,2,1814,11
deposit,69,1816,8
withdrawal,27,1818,1
withdrawal,93,1819,5
withdrawal,64,1820,6
deposit,27,1822,8
withdrawal,39,1823,17
withdrawal,38,1827,4
deposit,32,1828,18
deposit,92,1829,14
withdrawal,48,1830,19
deposit,49,1831,11
deposit,53,1832,7
deposit,97,1833,6
deposit,34,1835,19
resolve,4,1056
deposit,54,1837,12
deposit,71,1839,17
withdrawal,5,1840,19
resolve,23,1354
deposit,67,1845,1
deposit,60,1846,4
deposit,92,1847,10
deposit,92,1849,1
deposit,15,1850,7
withdrawal,27,1852,15
withdrawal,17,1854,6
resolve,47,259
deposit,96,1859,18
deposit,54,1861,11
withdrawal,18,1862,17
deposit,93,1865,2
deposit,51,1868,7
deposit,71,1869,10
dispute,23,307
dispute,48,1748
withdrawal,93,1875,12
resolve,23,307
chargeback,87,1287
deposit,66,1880,18
withdrawal,14,1882,2
withdrawal,11,1884,0
deposit,17,1887,0
deposit,18,1888,19
withdrawal,7,1889,12
dispute,53,1481
deposit,56,1892,16
withdrawal,28,1893,6
deposit,78,1894,2
withdrawal,5,1896,19
deposit,29,1897,12
deposit,89,1901,1
deposit,81,1903,8
withdrawal,23,1904,2
withdrawal,79,1905,3
withdrawal,44,1906,16
withdrawal,67,1907,3
deposit,11,1908,7
dispute,86,1791
deposit,58,1911,16
resolve,97,513
deposit,29,1916,17
withdrawal,53,1917,16
withdrawal,63,1918,14
resolve,48,1748
withdrawal,69,1923,4
withdrawal,66,1924,5
withdrawal,89,1925,8
deposit,23,1926,9
withdrawal,2,1928,4
deposit,47,1930,8
withdrawal,89,1933,19
deposit,60,1935,10
deposit,48,1936,0
withdrawal,56,1937,16
deposit,5,1938,3
withdrawal,2,1939,19
deposit,56,1940,9
deposit,94,1942,4
deposit,18,1943,8
deposit,63,1945,11
deposit,54,1946,15
withdrawal,62,1947,13
deposit,33,1948,18
withdrawal,86,1950,5
dispute,41,141
deposit,56,1952,12
deposit,88,1954,7
deposit,14,1955,2
deposit,38,1956,19
resolve,86,1791
withdrawal,52,1958,15
deposit,15,1959,1
withdrawal,55,1960,3
resolve,53,1481
withdrawal,27,1963,18
withdrawal,19,1964,8
dispute,60,230
deposit,42,1966,4
deposit,86,1968,4
withdrawal,60,1970,5
deposit,42,1974,10
deposit,69,1975,3
deposit,48,1976,5
deposit,64,1978,6
deposit,27,1979,14
deposit,2,1980,12
withdrawal,64,1981,15
withdrawal,79,1983,5
deposit,7,1986,17
deposit,66,1987,2
withdrawal,69,1992,7
withdrawal,47,1995,3
withdrawal,89,1998,1
deposit,67,2001,8
dispute,92,1521
deposit,12,2003,8
deposit,29,2004,5
deposit,51,2005,10
deposit,2,2006,11
withdrawal,14,2007,16
withdrawal,71,2010,9
chargeback,60,230
deposit,62,2012,18
deposit,12,2013,12
dispute,57,1692
deposit,7,2015,4
resolve,92,1521
withdrawal,78,2019,4
deposit,32,2020,16
withdrawal,32,2023,16
deposit,96,2025,1
withdrawal,88,2026,19
withdrawal,93,2027,19
withdrawal,84,2028,1
withdrawal,10,2030,2
chargeback,41,141
withdrawal,55,2032,13
withdrawal,36,2033,2
dispute,71,1702
deposit,62,2037,17
withdrawal,5,2039,15
withdrawal,45,2041,14
withdrawal,7,2044,18
deposit,79,2047,14
withdrawal,25,2049,10
resolve,57,1692
withdrawal,19,2051,12
deposit,86,2052,17
deposit,25,2053,19
deposit,11,2056,12
deposit,31,2058,16
deposit,23,2059,18
deposit,89,2061,1
withdrawal,57,2063,15
deposit,89,2064,8
deposit,69,2065,7
deposit,18,2066,9
deposit,27,2067,3
deposit,22,2068,6
withdrawal,49,2071,12
chargeback,71,1702
deposit,13,2075,4
withdrawal,5,2076,7
deposit,92,2077,13
deposit,44,2078,16
withdrawal,7,2079,10
withdrawal,47,2080,15
withdrawal,22,2082,3
deposit,39,2084,9
dispute,34,365
deposit,88,2086,19
deposit,12,2087,18
withdrawal,78,2089,8
dispute,52,1630
withdrawal,17,2094,8
deposit,94,2095,4
chargeback,34,365
deposit,79,2098,12
withdrawal,69,2099,14
dispute,64,683
chargeback,52,1630
chargeback,64,683
deposit,69,2105,16
withdrawal,79,2106,15
deposit,39,2109,1
withdrawal,84,2112,2
deposit,54,2115,9
deposit,4,2116,11
deposit,0,2117,12
deposit,54,2118,6
withdrawal,63,2119,10
deposit,57,2121,14
deposit,92,2122,4
deposit,7,2123,10
withdrawal,79,2125,5
withdrawal,92,2126,13
withdrawal,44,2127,1
deposit,8,2129,9
withdrawal,4,2130,19
withdrawal,17,2131,1
deposit,92,2135,15
deposit,56,2136,19
deposit,66,2140,10
deposit,31,2143,10
withdrawal,93,2146,14
withdrawal,11,2147,12
deposit,18,2148,5
deposit,32,2149,7
deposit,70,2150,8
deposit,69,2152,13
deposit,42,2154,12
deposit,39,2156,11
deposit,66,2157,8
deposit,12,2158,8
deposit,63,2161,2
withdrawal,13,2164,0
deposit,7,2167,15
deposit,29,2168,2
withdrawal,28,2169,8
withdrawal,4,2171,18
deposit,11,2172,3
withdrawal,36,2173,7
deposit,28,2176,5
deposit,23,2181,16
deposit,69,2184,15
deposit,44,2185,13
dispute,63,1375
withdrawal,86,2189,1
deposit,14,2190,3
deposit,39,2193,11
deposit,22,2194,5
withdrawal,55,2196,15
dispute,94,780
withdrawal,14,2200,2
withdrawal,11,2201,14
deposit,63,2203,16
withdrawal,23,2204,7
deposit,88,2205,8
withdrawal,27,2206,5
deposit,29,2207,0
withdrawal,19,2208,18
deposit,13,2210,18
deposit,17,2212,17
deposit,70,2213,4
withdrawal,63,2214,13
withdrawal,96,2215,13
withdrawal,32,2216,12
deposit,11,2218,11
dispute,97,657
deposit,32,2220,19
deposit,31,2221,18
deposit,44,2225,5
deposit,45,2226,10
withdrawal,81,2228,14
deposit,93,2229,4
chargeback,63,1375
withdrawal,55,2233,18
deposit,70,2234,10
withdrawal,13,2235,9
chargeback,94,780
dispute,55,4
deposit,21,2240,14
withdrawal,0,2243,2
withdrawal,56,2244,4
deposit,11,2245,18
chargeback,97,657
deposit,32,2247,3
withdrawal,54,2248,11
withdrawal,25,2249,14
deposit,14,2250,18
deposit,88,2253,9
resolve,55,4
deposit,96,2255,12
deposit,84,2256,0
deposit,8,2257,3
deposit,27,2258,14
deposit,51,2259,18
deposit,27,2260,11
withdrawal,93,2261,4
dispute,19,2208
deposit,54,2265,5
deposit,33,2269,3
chargeback,19,2208
withdrawal,79,2274,12
withdrawal,32,2276,11
deposit,92,2277,4
withdrawal,4,2279,2
withdrawal,36,2281,8
deposit,70,2283,2
deposit,21,2285,11
deposit,44,2286,7
dispute,38,1246
withdrawal,66,2288,0
deposit,88,2289,15
deposit,31,2290,3
deposit,67,2296,9
deposit,62,2297,1
withdrawal,32,2300,15
deposit,33,2303,9
withdrawal,17,2304,18
withdrawal,57,2306,16
deposit,58,2308,13
deposit,88,2309,16
deposit,23,2310,5
withdrawal,47,2316,0
deposit,10,2317,1
withdrawal,29,2318,1
deposit,58,2322,8
deposit,55,2323,14
chargeback,38,1246
dispute,12,917
deposit,62,2332,18
resolve,12,917
deposit,66,2334,10
deposit,79,2335,14
withdrawal,49,2336,0
withdrawal,18,2338,3
dispute,81,56
resolve,81,56
withdrawal,86,2344,1
deposit,28,2346,2
deposit,93,2347,4
deposit,93,2349,1
withdrawal,81,2350,16
deposit,32,2351,10
withdrawal,57,2352,15
withdrawal,54,2357,13
deposit,21,2358,5
withdrawal,21,2359,16
deposit,42,2360,6
deposit,18,2361,18
withdrawal,93,2362,17
deposit,93,2367,9
deposit,8,2369,16
dispute,31,2221
withdrawal,27,2373,15
deposit,5,2376,7
withdrawal,31,2377,19
deposit,22,2378,15
withdrawal,11,2380,14
withdrawal,21,2382,18
chargeback,31,2221
deposit,55,2385,14
deposit,66,2389,8
withdrawal,42,2390,10
dispute,22,447
withdrawal,27,2395,5
withdrawal,44,2398,15
chargeback,22,447
withdrawal,54,2404,17
withdrawal,5,2405,4
deposit,14,2407,13
deposit,96,2408,0
deposit,57,2410,6
deposit,88,2413,12
deposit,28,2414,10
deposit,28,2415,3
withdrawal,89,2416,10
deposit,48,2419,7
deposit,10,2422,7
deposit,33,2425,5
withdrawal,74,2428,18
deposit,58,2431,15
deposit,53,2433,5
deposit,84,2434,17
withdrawal,57,2439,8
deposit,78,2441,19
deposit,29,2443,6
deposit,42,2444,8
deposit,88,2445,17
deposit,54,2448,15
withdrawal,53,2450,0
deposit,8,2451,16
withdrawal,79,2454,19
deposit,15,2457,15
deposit,86,2460,9
dispute,2,444
dispute,51,1798
withdrawal,93,2466,15
withdrawal,53,2467,2
withdrawal,67,2468,2
deposit,12,2469,3
chargeback,2,444
deposit,45,2475,11
deposit,47,2476,14
withdrawal,33,2479,1
deposit,81,2482,2
deposit,56,2483,9
deposit,86,2484,10
deposit,70,2485,1
deposit,21,2486,14
deposit,4,2487,12
withdrawal,5,2491,18
resolve,51,1798
deposit,27,2495,6
deposit,47,2496,18
deposit,12,2498,12
dispute,17,1160
withdrawal,39,2500,2
deposit,17,2501,8
deposit,86,2506,4
withdrawal,84,2508,4
chargeback,17,1160
deposit,47,2518,18
deposit,92,2519,13
deposit,23,2520,6
withdrawal,58,2522,2
deposit,86,2524,18
withdrawal,67,2526,16
deposit,0,2529,2
dispute,48,1936
withdrawal,89,2533,8
deposit,57,2534,17
chargeback,48,1936
deposit,78,2538,11
deposit,66,2539,2
withdrawal,81,2542,8
deposit,81,2543,10
deposit,92,2544,9
withdrawal,84,2545,6
deposit,79,2547,7
deposit,58,2548,16
withdrawal,28,2553,5
deposit,21,2556,18
deposit,49,2557,0
deposit,18,2558,2
deposit,49,2559,8
deposit,69,2561,13
deposit,33,2564,8
deposit,86,2568,8
deposit,67,2569,7
withdrawal,45,2570,17
deposit,93,2573,17
deposit,11,2574,12
withdrawal,81,2575,3
deposit,62,2579,17
withdrawal,74,2582,7
withdrawal,47,2583,8
withdrawal,13,2587,12
deposit,44,2594,16
deposit,21,2595,18
withdrawal,70,2597,4
deposit,0,2599,10
deposit,29,2600,1
deposit,62,2601,8
deposit,8,2606,14
deposit,74,2608,13
deposit,74,2610,6
deposit,81,2611,3
withdrawal,0,2617,0
withdrawal,58,2621,2
withdrawal,23,2628,2
withdrawal,49,2632,11
deposit,7,2637,6
withdrawal,62,2640,15
withdrawal,44,2643,15
deposit,27,2644,4
withdrawal,96,2645,2
deposit,92,2647,15
deposit,74,2648,5
withdrawal,7,2649,2
withdrawal,69,2650,18
deposit,44,2653,2
withdrawal,14,2654,1
deposit,57,2655,13
deposit,69,2666,11
deposit,15,2667,14
deposit,13,2669,9
withdrawal,11,2670,5
deposit,4,2674,7
deposit,67,2675,17
deposit,78,2676,13
deposit,5,2678,9
deposit,23,2680,10
deposit,33,2682,17
deposit,58,2685,17
withdrawal,45,2689,16
deposit,58,2690,19
deposit,23,2691,9
deposit,66,2699,15
deposit,11,2701,13
deposit,69,2703,7
deposit,21,2704,7
deposit,56,2707,18
deposit,13,2711,1
dispute,78,478
withdrawal,70,2713,13
withdrawal,56,2714,5
deposit,66,2715,5
chargeback,78,478
deposit,51,2717,15
withdrawal,84,2720,14
dispute,11,2701
deposit,14,2722,0
withdrawal,92,2725,13
withdrawal,15,2727,10
withdrawal,56,2728,10
deposit,13,2729,11
deposit,96,2730,8
deposit,53,2731,14
deposit,89,2732,3
deposit,74,2734,7
deposit,23,2737,19
dispute,45,886
withdrawal,25,2740,19
deposit,15,2741,6
deposit,39,2742,13
withdrawal,67,2743,19
withdrawal,4,2744,8
dispute,54,2448
resolve,45,886
chargeback,11,2701
deposit,58,2751,5
withdrawal,36,2752,4
deposit,74,2753,13
deposit,27,2756,14
withdrawal,8,2757,11
dispute,44,23
withdrawal,21,2759,7
withdrawal,96,2762,7
deposit,79,2765,2
deposit,47,2768,1
deposit,15,2770,14
withdrawal,56,2772,3
withdrawal,7,2776,9
withdrawal,10,2778,16
deposit,62,2779,6
deposit,57,2780,6
deposit,15,2781,17
deposit,74,2783,12
deposit,92,2784,16
deposit,14,2786,8
deposit,42,2788,6
deposit,42,2789,2
withdrawal,69,2793,5
deposit,15,2795,8
withdrawal,32,2796,10
deposit,56,2798,12
deposit,58,2800,14
resolve,54,2448
deposit,42,2803,18
deposit,92,2805,13
withdrawal,74,2807,0
deposit,96,2808,8
deposit,57,2809,4
deposit,53,2810,6
deposit,53,2813,10
deposit,79,2814,11
deposit,74,2815,8
deposit,39,2816,15
withdrawal,53,2817,17
deposit,27,2818,16
deposit,70,2820,4
withdrawal,29,2821,14
deposit,4,2822,13
withdrawal,29,2823,11
withdrawal,74,2825,14
deposit,86,2826,15
withdrawal,51,2828,4
withdrawal,56,2830,18
deposit,54,2831,4
withdrawal,10,2833,2
withdrawal,55,2835,7
deposit,69,2836,7
withdrawal,70,2838,16
withdrawal,79,2839,15
deposit,28,2841,13
withdrawal,27,2844,15
withdrawal,74,2846,1
chargeback,44,23
deposit,69,2857,7
deposit,45,2858,4
deposit,93,2860,14
deposit,39,2863,12
withdrawal,8,2864,13
withdrawal,67,2865,12
deposit,14,2866,4
withdrawal,53,2870,13
deposit,27,2873,11
deposit,70,2874,17
deposit,55,2876,13
dispute,92,261
deposit,57,2879,7
deposit,0,2880,19
deposit,36,2883,7
deposit,92,2885,3
dispute,96,2808
withdrawal,18,2889,10
deposit,66,2890,18
deposit,5,2891,11
deposit,45,2892,8
deposit,81,2894,10
withdrawal,21,2895,7
deposit,45,2899,15
chargeback,92,261
deposit,7,2902,1
deposit,29,2903,7
deposit,39,2904,9
deposit,53,2906,2
deposit,53,2907,17
deposit,51,2908,19
deposit,15,2909,8
deposit,93,2912,14
deposit,29,2913,16
resolve,96,2808
deposit,81,2918,7
deposit,33,2921,10
deposit,18,2922,16
deposit,84,2926,5
withdrawal,39,2930,14
deposit,18,2931,7
dispute,74,2846
deposit,14,2933,13
withdrawal,62,2935,10
deposit,58,2936,6
deposit,27,2937,14
resolve,74,2846
withdrawal,29,2943,17
deposit,27,2944,4
deposit,33,2946,1
deposit,21,2947,3
deposit,57,2949,3
withdrawal,36,2951,5
deposit,79,2953,4
withdrawal,33,2954,12
withdrawal,88,2955,16
deposit,0,2956,6
deposit,27,2959,5
deposit,10,2961,17
deposit,8,2962,3
deposit,62,2963,9
deposit,74,2964,12
withdrawal,81,2965,12
deposit,36,2967,17
deposit,10,2970,6
withdrawal,66,2971,18
withdrawal,7,2972,6
deposit,15,2973,2
deposit,55,2974,15
withdrawal,15,2975,16
dispute,55,2323
withdrawal,0,2987,1
withdrawal,15,2988,18
withdrawal,28,2993,6
deposit,4,2998,6
withdrawal,88,2999,13
withdrawal,49,3000,8
deposit,4,3002,7
withdrawal,28,3003,5
deposit,15,3004,5
withdrawal,66,3010,13
withdrawal,27,3011,11
deposit,42,3012,18
deposit,32,3013,19
withdrawal,81,3016,7
deposit,15,3018,1
deposit,39,3019,16
deposit,70,3021,4
deposit,18,3024,11
dispute,53,1340
deposit,53,3029,10
withdrawal,62,3032,1
deposit,56,3035,17
deposit,29,3037,3
deposit,89,3038,15
deposit,12,3039,2
deposit,47,3040,1
withdrawal,29,3041,8
withdrawal,81,3042,7
deposit,66,3043,16
deposit,5,3045,18
withdrawal,18,3048,10
deposit,79,3050,13
deposit,28,3052,4
withdrawal,33,3056,15
deposit,88,3058,19
withdrawal,53,3060,18
deposit,0,3062,12
deposit,25,3063,3
withdrawal,32,3064,19
withdrawal,28,3066,5
withdrawal,15,3067,13
deposit,27,3070,12
deposit,10,3076,2
deposit,14,3078,11
deposit,51,3079,16
withdrawal,33,3080,14
deposit,32,3082,1
withdrawal,23,3083,16
withdrawal,74,3084,7
withdrawal,47,3085,18
withdrawal,13,3086,10
deposit,51,3093,19
deposit,8,3094,10
deposit,69,3096,6
deposit,33,3097,5
resolve,55,2323
deposit,8,3099,7
withdrawal,86,3103,16
deposit,25,3106,2
withdrawal,12,3111,19
resolve,53,1340
deposit,45,3114,5
deposit,74,3116,8
deposit,33,3118,7
withdrawal,8,3122,6
withdrawal,18,3125,15
deposit,8,3128,16
withdrawal,79,3131,17
deposit,0,3135,9
deposit,10,3138,9
withdrawal,36,3141,8
withdrawal,74,3142,11
deposit,7,3144,0
deposit,18,3145,9
deposit,67,3147,6
withdrawal,51,3150,18
withdrawal,14,3153,6
deposit,69,3156,9
withdrawal,5,3157,17
deposit,88,3160,8
withdrawal,15,3161,6
deposit,53,3168,15
deposit,67,3169,3
deposit,62,3170,13
withdrawal,25,3172,19
deposit,39,3173,4
withdrawal,32,3175,9
deposit,51,3176,1
withdrawal,47,3177,16
withdrawal,89,3178,8
withdrawal,55,3181,0
deposit,89,3182,18
withdrawal,47,3187,12
deposit,55,3189,5
deposit,47,3191,12
withdrawal,49,3201,9
deposit,18,3202,10
deposit,70,3205,4
deposit,39,3207,2
withdrawal,36,3209,18
withdrawal,79,3212,7
withdrawal,79,3213,10
deposit,0,3215,1
deposit,79,3216,0
withdrawal,0,3220,19
withdrawal,18,3221,1
dispute,12,53
deposit,4,3228,16
withdrawal,45,3229,9
withdrawal,0,3230,10
deposit,74,3231,13
chargeback,12,53
deposit,23,3235,3
deposit,62,3236,3
dispute,0,1006
chargeback,0,1006
withdrawal,58,3241,11
deposit,86,3242,18
deposit,7,3243,12
deposit,47,3244,2
deposit,15,3245,2
deposit,39,3246,5
deposit,28,3247,5
deposit,18,3248,2
deposit,57,3249,13
deposit,7,3255,15
withdrawal,54,3259,5
deposit,56,3262,18
withdrawal,7,3265,12
withdrawal,8,3268,3
deposit,57,3269,19
dispute,42,1607
deposit,33,3273,12
withdrawal,15,3275,3
deposit,5,3276,18
withdrawal,42,3277,16
withdrawal,28,3280,10
dispute,42,624
deposit,10,3283,10
chargeback,42,1607
withdrawal,7,3288,10
deposit,13,3290,17
deposit,49,3292,5
withdrawal,93,3293,16
deposit,53,3294,15
dispute,23,307
deposit,7,3297,1
withdrawal,5,3304,14
withdrawal,74,3310,13
deposit,51,3313,5
withdrawal,28,3317,15
deposit,84,3318,1
deposit,55,3320,2
withdrawal,18,3321,14
withdrawal,96,3326,6
deposit,56,3329,18
withdrawal,28,3332,2
deposit,15,3333,12
deposit,51,3334,14
withdrawal,27,3336,0
withdrawal,25,3339,4
deposit,21,3341,19
withdrawal,15,3349,19
withdrawal,10,3352,14
withdrawal,79,3353,7
deposit,89,3356,5
withdrawal,79,3357,0
deposit,5,3360,10
withdrawal,33,3363,15
withdrawal,4,3364,13
deposit,69,3365,17
deposit,49,3368,8
withdrawal,27,3369,3
withdrawal,32,3370,15
withdrawal,74,3371,1
deposit,21,3376,14
withdrawal,21,3379,0
deposit,8,3380,7
withdrawal,84,3382,0
withdrawal,54,3383,6
withdrawal,84,3388,18
deposit,67,3392,16
deposit,4,3395,13
deposit,74,3397,3
deposit,96,3401,2
dispute,33,912
withdrawal,88,3406,10
deposit,89,3413,5
withdrawal,33,3415,13
deposit,28,3416,14
deposit,49,3419,3
withdrawal,93,3420,1
withdrawal,21,3421,18
deposit,67,3422,5
deposit,89,3424,12
deposit,21,3425,10
withdrawal,33,3428,18
deposit,14,3431,15
withdrawal,10,3432,0
withdrawal,4,3433,2
deposit,15,3434,15
deposit,67,3435,1
deposit,39,3440,18
deposit,25,3441,11
withdrawal,39,3442,8
deposit,32,3443,3
deposit,93,3447,5
deposit,18,3448,18
deposit,66,3452,3
withdrawal,96,3458,19
withdrawal,51,3460,1
deposit,89,3461,7
resolve,23,307
deposit,56,3463,7
deposit,47,3464,3
deposit,49,3465,12
dispute,51,3334
deposit,47,3469,16
chargeback,33,912
deposit,47,3473,17
deposit,67,3474,7
withdrawal,67,3475,13
withdrawal,15,3476,18
deposit,23,3477,14
withdrawal,67,3480,9
dispute,96,285
deposit,88,3482,18
withdrawal,79,3484,6
withdrawal,15,3485,7
dispute,84,3382
withdrawal,67,3491,16
withdrawal,89,3492,1
deposit,21,3494,3
chargeback,96,285
deposit,13,3498,4
deposit,74,3502,8
deposit,14,3504,2
withdrawal,57,3506,0
withdrawal,49,3507,11
deposit,39,3509,4
deposit,57,3511,6
deposit,8,3512,16
withdrawal,36,3517,1
deposit,7,3518,19
deposit,23,3519,4
chargeback,51,3334
withdrawal,62,3523,16
deposit,86,3530,1
dispute,25,254
deposit,39,3536,4
withdrawal,84,3537,16
withdrawal,62,3543,19
deposit,7,3544,11
deposit,47,3551,17
deposit,89,3552,15
deposit,79,3555,7
deposit,66,3561,9
deposit,45,3562,13
deposit,57,3565,15
withdrawal,69,3568,14
deposit,32,3569,19
deposit,4,3570,1
deposit,53,3572,2
withdrawal,53,3573,7
withdrawal,21,3584,11
withdrawal,49,3590,13
deposit,45,3599,13
deposit,23,3600,2
deposit,49,3603,2
deposit,13,3605,8
deposit,69,3611,17
deposit,47,3616,12
withdrawal,53,3617,11
deposit,53,3618,4
withdrawal,84,3619,3
withdrawal,79,3620,10
deposit,74,3623,7
deposit,88,3626,12
deposit,58,3627,17
deposit,21,3629,7
deposit,55,3630,2
withdrawal,47,3632,11
deposit,88,3639,0
withdrawal,21,3640,13
deposit,58,3641,16
withdrawal,15,3642,14
deposit,93,3643,5
deposit,36,3645,16
deposit,15,3646,11
withdrawal,39,3648,10
deposit,13,3651,3
resolve,84,3382
withdrawal,23,3658,6
dispute,93,2347
deposit,10,3665,13
deposit,45,3666,17
deposit,57,3667,15
withdrawal,4,3671,10
deposit,67,3672,10
withdrawal,56,3673,7
withdrawal,66,3675,12
withdrawal,32,3676,5
withdrawal,74,3681,11
withdrawal,4,3684,5
withdrawal,45,3685,4
deposit,93,3688,18
withdrawal,54,3691,18
withdrawal,8,3698,16
deposit,49,3701,13
deposit,55,3703,6
withdrawal,36,3707,7
withdrawal,58,3711,17
withdrawal,70,3714,14
dispute,13,3651
withdrawal,10,3719,13
deposit,14,3720,4
withdrawal,7,3724,11
deposit,89,3726,3
withdrawal,25,3728,16
chargeback,93,2347
deposit,29,3731,10
withdrawal,27,3732,5
deposit,69,3733,5
deposit,69,3736,14
deposit,25,3737,17
dispute,66,112
deposit,69,3741,7
withdrawal,58,3742,15
withdrawal,23,3743,11
deposit,88,3749,17
withdrawal,5,3752,11
withdrawal,36,3756,7
deposit,56,3761,19
withdrawal,62,3764,8
dispute,88,1075
deposit,66,3767,0
withdrawal,81,3769,15
deposit,32,3771,7
chargeback,66,112
withdrawal,74,3775,16
withdrawal,84,3777,13
withdrawal,62,3778,0
deposit,7,3779,18
deposit,74,3780,16
withdrawal,57,3787,18
withdrawal,84,3790,12
deposit,55,3793,3
deposit,57,3796,18
chargeback,13,3651
withdrawal,88,3801,19
deposit,57,3804,6
deposit,55,3806,11
deposit,45,3807,11
deposit,27,3808,4
deposit,28,3812,3
deposit,81,3818,0
chargeback,25,254
deposit,23,3822,19
withdrawal,15,3823,13
deposit,53,3827,9
withdrawal,27,3828,8
withdrawal,32,3832,1
deposit,54,3837,5
withdrawal,79,3839,13
deposit,27,3840,4
deposit,27,3842,7
deposit,86,3849,0
withdrawal,39,3850,9
withdrawal,27,3856,11
withdrawal,55,3859,14
deposit,5,3860,10
withdrawal,32,3861,17
deposit,23,3862,11
deposit,45,3863,13
deposit,8,3864,12
deposit,54,3866,10
withdrawal,15,3870,18
deposit,32,3871,4
withdrawal,84,3873,10
deposit,74,3875,5
deposit,84,3876,19
withdrawal,23,3878,4
withdrawal,57,3879,14
withdrawal,28,3884,9
withdrawal,54,3890,12
deposit,27,3899,17
withdrawal,4,3903,7
withdrawal,79,3905,10
withdrawal,23,3906,3
withdrawal,62,3909,10
withdrawal,15,3913,18
deposit,27,3915,10
deposit,47,3918,5
withdrawal,69,3922,15
withdrawal,8,3923,1
deposit,45,3925,7
withdrawal,14,3927,11
withdrawal,81,3928,0
deposit,86,3931,19
deposit,7,3932,16
deposit,88,3936,0
dispute,7,410
deposit,58,3940,5
deposit,58,3941,7
withdrawal,32,3942,1
deposit,86,3943,19
deposit,89,3948,10
withdrawal,62,3949,3
deposit,81,3957,9
dispute,81,1548
deposit,27,3959,2
withdrawal,62,3962,16
withdrawal,89,3965,1
withdrawal,15,3970,14
withdrawal,36,3971,9
deposit,54,3973,6
withdrawal,4,3975,12
chargeback,88,1075
deposit,54,3979,1
withdrawal,56,3983,17
deposit,18,3984,14
dispute,27,1513
withdrawal,10,3991,2
withdrawal,45,3992,3
deposit,56,3998,9
withdrawal,18,3999,1
withdrawal,15,4000,3
withdrawal,74,4001,8
withdrawal,15,4005,19
deposit,47,4007,19
chargeback,81,1548
deposit,14,4012,17
withdrawal,39,4013,10
deposit,14,4014,15
deposit,15,4016,4
deposit,7,4021,8
withdrawal,56,4022,8
withdrawal,8,4029,15
chargeback,7,410
deposit,62,4034,4
deposit,58,4044,5
deposit,84,4046,10
withdrawal,18,4049,14
withdrawal,84,4050,14
withdrawal,15,4057,7
deposit,56,4067,3
withdrawal,79,4076,7
deposit,28,4080,7
deposit,69,4089,15
withdrawal,5,4095,7
withdrawal,8,4096,16
withdrawal,47,4097,8
withdrawal,47,4101,9
deposit,55,4105,4
deposit,36,4107,2
deposit,18,4114,3
withdrawal,29,4115,15
deposit,36,4116,18
withdrawal,89,4119,2
deposit,36,4125,12
deposit,4,4126,19
withdrawal,5,4129,12
deposit,10,4131,18
withdrawal,74,4135,8
dispute,67,3475
resolve,27,1513
withdrawal,57,4151,4
dispute,89,389
withdrawal,56,4154,19
deposit,23,4157,8
deposit,4,4161,6
deposit,70,4164,14
withdrawal,23,4171,7
chargeback,67,3475
withdrawal,70,4173,1
deposit,54,4174,3
withdrawal,8,4175,0
deposit,18,4178,14
withdrawal,49,4181,19
deposit,18,4183,1
deposit,86,4188,13
withdrawal,74,4196,16
deposit,74,4199,14
deposit,58,4201,0
deposit,79,4209,4
withdrawal,18,4211,16
deposit,55,4213,16
withdrawal,23,4214,5
withdrawal,47,4215,19
deposit,49,4217,7
dispute,47,1710
withdrawal,21,4220,10
deposit,45,4223,11
dispute,56,3463
deposit,84,4230,19
withdrawal,54,4231,18
deposit,74,4232,13
withdrawal,70,4234,17
resolve,47,1710
deposit,14,4237,5
withdrawal,54,4238,6
deposit,21,4241,3
withdrawal,21,4243,4
resolve,89,389
deposit,62,4248,17
withdrawal,39,4249,3
withdrawal,56,4252,1
deposit,27,4259,11
withdrawal,27,4262,15
deposit,27,4265,13
withdrawal,23,4268,3
withdrawal,57,4271,19
deposit,8,4274,12
deposit,69,4275,18
withdrawal,56,4276,9
withdrawal,79,4277,9
withdrawal,18,4278,3
withdrawal,45,4279,8
withdrawal,32,4281,7
withdrawal,56,4282,11
withdrawal,62,4283,3
withdrawal,14,4285,13
dispute,57,948
deposit,4,4302,7
withdrawal,55,4307,11
withdrawal,4,4308,0
deposit,53,4309,18
dispute,32,2276
withdrawal,18,4311,1
withdrawal,74,4313,17
deposit,45,4314,6
dispute,49,157
deposit,32,4321,8
withdrawal,5,4325,13
withdrawal,62,4328,2
deposit,15,4329,0
withdrawal,89,4340,8
withdrawal,18,4342,14
deposit,29,4343,11
deposit,18,4347,15
deposit,5,4350,6
withdrawal,5,4351,1
deposit,27,4353,16
deposit,89,4359,18
chargeback,32,2276
resolve,56,3463
withdrawal,29,4369,7
withdrawal,58,4372,16
deposit,62,4373,14
deposit,5,4374,4
withdrawal,4,4377,1
withdrawal,70,4378,1
withdrawal,62,4380,14
withdrawal,18,4384,14
chargeback,57,948
deposit,47,4389,10
deposit,14,4392,17
withdrawal,4,4396,8
deposit,27,4399,6
deposit,8,4400,13
withdrawal,47,4401,11
dispute,56,1724
withdrawal,4,4410,15
deposit,47,4411,11
withdrawal,5,4417,7
deposit,53,4421,17
withdrawal,39,4422,19
withdrawal,21,4424,8
withdrawal,53,4432,8
dispute,10,26
withdrawal,86,4435,3
withdrawal,27,4437,18
withdrawal,74,4439,9
deposit,84,4441,17
deposit,54,4446,12
withdrawal,79,4449,19
withdrawal,89,4454,11
withdrawal,5,4459,15
deposit,47,4460,11
withdrawal,5,4463,14
resolve,49,157
withdrawal,54,4474,0
withdrawal,36,4477,15
withdrawal,29,4480,6
deposit,54,4481,15
deposit,69,4482,19
deposit,58,4488,2
dispute,10,1720
withdrawal,23,4506,17
withdrawal,36,4507,12
withdrawal,84,4512,0
withdrawal,4,4514,17
deposit,18,4517,4
withdrawal,15,4518,18
resolve,56,1724
withdrawal,5,4522,0
deposit,54,4527,17
chargeback,10,26
deposit,45,4538,7
deposit,79,4540,19
deposit,39,4541,14
withdrawal,28,4546,2
deposit,70,4547,2
withdrawal,53,4550,13
deposit,18,4551,17
withdrawal,8,4554,17
deposit,58,4555,9
deposit,29,4558,15
withdrawal,84,4566,4
withdrawal,8,4567,17
withdrawal,45,4568,0
deposit,55,4575,1
deposit,28,4583,10
deposit,58,4588,18
deposit,55,4589,11
deposit,21,4591,13
deposit,62,4592,14
withdrawal,47,4593,16
deposit,21,4594,15
deposit,47,4595,19
withdrawal,54,4597,17
dispute,5,3360
withdrawal,89,4600,1
deposit,8,4602,18
withdrawal,45,4607,3
withdrawal,54,4611,2
deposit,55,4617,18
withdrawal,62,4620,8
withdrawal,39,4622,11
deposit,39,4623,10
withdrawal,29,4624,6
withdrawal,27,4626,5
withdrawal,4,4629,3
dispute,29,973
deposit,39,4633,7
withdrawal,70,4634,17
withdrawal,5,4643,12
withdrawal,53,4644,6
deposit,56,4649,10
withdrawal,47,4651,15
withdrawal,84,4653,8
deposit,56,4657,6
withdrawal,23,4658,1
chargeback,5,3360
withdrawal,39,4660,13
dispute,53,1481
deposit,86,4667,5
deposit,4,4668,15
withdrawal,53,4673,4
withdrawal,79,4674,5
withdrawal,18,4676,3
withdrawal,53,4677,11
withdrawal,89,4678,16
deposit,79,4679,3
withdrawal,79,4680,18
withdrawal,53,4681,4
withdrawal,18,4683,3
withdrawal,69,4687,9
withdrawal,27,4688,14
deposit,69,4689,19
deposit,69,4692,12
withdrawal,55,4699,8
resolve,29,973
deposit,15,4708,17
deposit,23,4714,0
deposit,74,4717,9
deposit,47,4721,8
deposit,58,4726,18
deposit,14,4729,17
withdrawal,18,4733,1
deposit,23,4735,5
deposit,56,4748,9
deposit,69,4758,10
deposit,79,4760,5
deposit,56,4765,11
deposit,29,4768,1
withdrawal,23,4773,9
deposit,56,4774,14
deposit,36,4775,13
deposit,39,4778,14
withdrawal,74,4783,3
withdrawal,49,4785,19
withdrawal,45,4790,18
deposit,69,4791,12
deposit,8,4792,6
deposit,29,4793,4
deposit,58,4795,11
dispute,70,1346
deposit,54,4802,9
resolve,53,1481
deposit,53,4806,19
withdrawal,55,4816,15
withdrawal,62,4819,18
deposit,36,4829,2
deposit,4,4835,11
withdrawal,36,4840,18
deposit,54,4841,9
deposit,45,4844,13
dispute,79,596
withdrawal,79,4849,11
withdrawal,58,4850,10
deposit,45,4855,3
deposit,55,4860,13
deposit,23,4862,3
withdrawal,70,4864,5
withdrawal,84,4865,6
deposit,69,4867,7
deposit,74,4872,1
withdrawal,86,4873,15
deposit,28,4878,6
withdrawal,29,4879,14
deposit,28,4882,4
deposit,55,4887,12
deposit,45,4894,15
deposit,18,4898,7
deposit,79,4899,3
deposit,14,4904,5
deposit,70,4908,14
withdrawal,4,4909,18
withdrawal,4,4910,16
withdrawal,53,4913,4
withdrawal,15,4919,4
withdrawal,8,4921,8
deposit,70,4926,2
withdrawal,79,4930,12
dispute,47,4097
deposit,15,4934,19
resolve,70,1346
withdrawal,47,4938,2
deposit,18,4939,4
resolve,79,596
deposit,18,4944,3
withdrawal,21,4947,13
deposit,69,4949,9
deposit,79,4951,16
dispute,21,3640
withdrawal,36,4954,19
deposit,89,4956,15
deposit,15,4966,15
chargeback,47,4097
deposit,18,4970,15
withdrawal,4,4972,11
withdrawal,23,4973,1
deposit,27,4983,5
withdrawal,84,4989,6
withdrawal,28,5000,17
withdrawal,4,5002,3
deposit,74,5006,2
dispute,4,211
dispute,18,778
deposit,55,5010,9
dispute,62,4248
withdrawal,69,5013,7
chargeback,18,778
deposit,86,5021,4
deposit,4,5038,12
deposit,4,5041,0
deposit,8,5048,9
deposit,4,5054,10
withdrawal,70,5060,19
deposit,23,5061,16
withdrawal,56,5071,6
withdrawal,89,5073,19
deposit,74,5074,10
withdrawal,89,5077,9
withdrawal,39,5079,7
deposit,49,5080,10
deposit,39,5083,1
deposit,39,5084,18
deposit,79,5086,0
deposit,69,5088,16
deposit,14,5090,17
deposit,23,5092,11
deposit,84,5095,1
withdrawal,45,5096,6
withdrawal,56,5100,3
deposit,4,5102,8
withdrawal,27,5107,7
withdrawal,27,5109,5
deposit,21,5114,16
deposit,21,5115,11
withdrawal,36,5118,15
deposit,8,5120,8
withdrawal,15,5122,8
withdrawal,8,5124,9
withdrawal,36,5132,5
withdrawal,27,5133,7
deposit,21,5135,12
withdrawal,56,5140,8
deposit,89,5150,15
deposit,14,5152,3
deposit,14,5153,11
resolve,21,3640
withdrawal,84,5158,4
withdrawal,15,5161,11
withdrawal,56,5162,1
withdrawal,15,5165,3
withdrawal,45,5167,6
deposit,4,5169,1
chargeback,4,211
withdrawal,39,5189,3
withdrawal,28,5193,11
deposit,56,5195,14
deposit,39,5197,15
withdrawal,79,5198,10
deposit,23,5201,8
withdrawal,84,5207,10
withdrawal,74,5208,12
deposit,69,5210,13
deposit,56,5216,15
withdrawal,28,5218,13
withdrawal,49,5221,9
deposit,79,5231,12
deposit,39,5232,14
deposit,84,5239,10
withdrawal,15,5240,8
deposit,62,5241,17
withdrawal,69,5244,4
withdrawal,53,5247,19
withdrawal,74,5250,17
withdrawal,70,5257,3
deposit,15,5258,1
deposit,69,5259,16
deposit,14,5262,7
dispute,79,2765
resolve,62,4248
deposit,86,5267,6
withdrawal,53,5276,8
dispute,74,3371
deposit,74,5280,2
withdrawal,56,5283,10
withdrawal,62,5285,15
deposit,54,5287,4
deposit,39,5288,16
dispute,79,1618
deposit,15,5294,9
deposit,55,5300,15
deposit,86,5304,11
withdrawal,70,5307,4
chargeback,79,2765
withdrawal,70,5313,0
deposit,74,5315,19
withdrawal,69,5318,1
withdrawal,84,5319,2
deposit,74,5322,12
deposit,70,5326,9
deposit,28,5327,17
withdrawal,56,5331,3
deposit,14,5333,9
deposit,54,5342,5
deposit,69,5344,15
resolve,74,3371
withdrawal,74,5350,0
deposit,21,5352,9
deposit,21,5354,19
withdrawal,27,5355,15
dispute,86,1950
deposit,70,5367,3
withdrawal,53,5382,18
deposit,53,5393,13
withdrawal,84,5395,15
deposit,55,5408,17
withdrawal,69,5417,9
withdrawal,53,5418,7
withdrawal,23,5428,8
deposit,86,5432,1
deposit,49,5433,9
deposit,8,5435,6
dispute,55,4307
dispute,23,1475
deposit,29,5442,16
deposit,15,5444,6
withdrawal,54,5446,14
deposit,23,5447,11
deposit,55,5448,5
withdrawal,54,5450,18
deposit,14,5455,0
withdrawal,69,5456,15
withdrawal,49,5457,16
deposit,74,5459,14
deposit,55,5461,8
deposit,29,5463,2
chargeback,55,4307
dispute,23,5201
withdrawal,36,5478,11
deposit,49,5483,11
deposit,70,5486,18
withdrawal,58,5488,4
deposit,49,5496,17
dispute,58,2522
chargeback,23,5201
withdrawal,49,5512,12
deposit,62,5517,6
deposit,74,5518,18
deposit,69,5525,6
dispute,54,74
withdrawal,54,5532,6
withdrawal,36,5536,14
deposit,70,5540,13
deposit,14,5541,14
deposit,29,5547,17
withdrawal,84,5553,16
chargeback,58,2522
deposit,39,5562,8
chargeback,86,1950
deposit,49,5568,17
deposit,45,5573,15
deposit,89,5575,9
withdrawal,49,5577,3
withdrawal,8,5579,1
deposit,84,5582,9
deposit,8,5583,16
withdrawal,54,5586,14
deposit,21,5591,9
deposit,21,5592,4
deposit,74,5599,0
withdrawal,49,5608,19
deposit,39,5613,19
withdrawal,69,5615,16
deposit,21,5616,1
withdrawal,27,5617,4
deposit,39,5622,5
withdrawal,89,5625,4
deposit,49,5637,5
dispute,21,4591
withdrawal,8,5650,7
deposit,62,5659,12
chargeback,54,74
deposit,36,5666,18
deposit,53,5668,0
deposit,8,5684,15
deposit,36,5685,19
deposit,27,5691,11
dispute,49,999
dispute,56,2244
withdrawal,45,5696,10
chargeback,49,999
dispute,45,4855
withdrawal,15,5723,19
deposit,28,5735,4
withdrawal,84,5736,4
dispute,84,2112
withdrawal,36,5740,11
chargeback,45,4855
withdrawal,39,5751,9
withdrawal,15,5753,5
withdrawal,29,5754,16
deposit,21,5755,16
resolve,21,4591
deposit,62,5781,2
withdrawal,53,5790,8
withdrawal,74,5792,17
deposit,89,5796,3
withdrawal,56,5797,13
withdrawal,84,5804,8
dispute,29,2943
withdrawal,62,5820,6
deposit,89,5822,13
deposit,28,5844,7
deposit,15,5846,2
deposit,74,5848,14
deposit,27,5858,19
deposit,56,5871,9
withdrawal,70,5872,15
deposit,27,5874,15
dispute,39,2863
deposit,14,5887,1
withdrawal,70,5889,14
deposit,8,5891,5
deposit,15,5909,11
withdrawal,53,5913,13
resolve,84,2112
deposit,84,5928,10
withdrawal,84,5930,0
withdrawal,14,5937,15
deposit,36,5942,15
deposit,21,5944,3
withdrawal,70,5948,0
deposit,39,5952,17
deposit,8,5953,7
withdrawal,28,5975,1
deposit,62,5978,10
deposit,62,5980,11
deposit,62,5990,6
withdrawal,36,5998,16
withdrawal,27,6005,7
dispute,62,5285
withdrawal,36,6007,17
deposit,84,6008,7
deposit,8,6017,12
dispute,27,5107
withdrawal,36,6026,11
withdrawal,56,6033,0
resolve,29,2943
deposit,84,6043,5
deposit,74,6046,9
deposit,27,6048,11
deposit,27,6055,19
deposit,36,6066,16
deposit,56,6080,14
withdrawal,27,6090,8
deposit,69,6098,5
deposit,56,6100,6
deposit,89,6101,17
deposit,8,6113,1
deposit,69,6116,7
withdrawal,8,6117,19
deposit,21,6119,11
withdrawal,15,6127,6
deposit,62,6138,9
withdrawal,29,6141,6
withdrawal,56,6144,12
resolve,39,2863
deposit,62,6153,8
deposit,39,6157,9
withdrawal,89,6171,14
resolve,62,5285
deposit,56,6179,16
withdrawal,56,6196,9
withdrawal,69,6198,3
deposit,69,6203,8
deposit,39,6208,6
deposit,36,6211,16
dispute,74,1454
resolve,27,5107
deposit,8,6216,4
chargeback,56,2244
withdrawal,84,6223,17
withdrawal,27,6226,3
deposit,69,6227,16
withdrawal,15,6235,10
deposit,28,6241,11
deposit,27,6248,17
deposit,70,6256,9
deposit,89,6257,5
deposit,69,6260,7
withdrawal,15,6271,13
dispute,74,3116
deposit,62,6286,6
deposit,14,6296,12
deposit,74,6303,4
deposit,15,6312,3
deposit,29,6313,7
deposit,70,6314,17
withdrawal,29,6316,15
withdrawal,14,6319,0
withdrawal,36,6328,5
resolve,74,1454
withdrawal,89,6334,11
deposit,89,6339,10
deposit,69,6350,3
dispute,62,1275
withdrawal,84,6355,1
withdrawal,15,6356,15
deposit,21,6375,2
deposit,53,6390,19
dispute,36,4107
deposit,74,6402,9
deposit,28,6405,9
deposit,69,6414,19
deposit,15,6416,9
deposit,89,6424,5
withdrawal,84,6429,5
deposit,69,6432,3
dispute,21,3376
chargeback,74,3116
dispute,69,3611
deposit,8,6467,18
deposit,62,6471,3
deposit,21,6475,14
deposit,70,6478,0
deposit,21,6481,7
deposit,69,6482,19
deposit,14,6492,17
withdrawal,89,6500,10
withdrawal,8,6513,13
deposit,84,6521,16
withdrawal,27,6524,16
dispute,15,4708
deposit,29,6537,12
withdrawal,89,6538,17
deposit,53,6541,11
deposit,27,6542,8
deposit,21,6550,15
deposit,36,6552,14
withdrawal,39,6563,19
withdrawal,89,6566,13
deposit,39,6569,5
deposit,62,6597,3
deposit,69,6602,18
withdrawal,8,6604,8
deposit,84,6622,14
withdrawal,53,6624,11
resolve,36,4107
withdrawal,39,6632,3
deposit,39,6633,13
deposit,39,6634,3
deposit,14,6638,17
chargeback,62,1275
withdrawal,89,6643,13
withdrawal,15,6648,10
deposit,89,6670,16
deposit,53,6674,10
withdrawal,70,6675,5
deposit,8,6683,7
deposit,27,6684,17
deposit,39,6690,3
resolve,69,3611
deposit,53,6696,6
withdrawal,8,6703,9
withdrawal,69,6711,15
deposit,53,6716,7
dispute,39,458
deposit,28,6738,16
withdrawal,84,6746,6
withdrawal,89,6767,8
deposit,29,6776,18
deposit,69,6785,2
dispute,8,6117
deposit,89,6792,0
withdrawal,27,6794,12
dispute,27,4626
withdrawal,39,6801,8
withdrawal,27,6803,18
deposit,21,6815,16
deposit,21,6823,9
withdrawal,15,6830,0
deposit,69,6843,4
deposit,89,6849,9
withdrawal,53,6852,19
deposit,39,6874,9
deposit,84,6877,15
withdrawal,28,6880,9
deposit,89,6885,11
deposit,27,6887,12
deposit,69,6913,10
deposit,27,6919,4
withdrawal,29,6920,5
withdrawal,36,6924,3
withdrawal,53,6928,13
deposit,89,6937,4
resolve,8,6117
withdrawal,28,6948,17
deposit,70,6950,14
deposit,15,6962,7
withdrawal,14,6965,6
withdrawal,89,6970,2
deposit,53,6972,14
deposit,27,6981,1
resolve,21,3376
withdrawal,89,6988,19
deposit,39,6991,2
deposit,89,7000,12
withdrawal,36,7005,13
withdrawal,14,7025,11
withdrawal,21,7028,3
deposit,89,7043,3
deposit,8,7048,8
withdrawal,69,7049,4
chargeback,39,458
deposit,70,7065,14
deposit,14,7069,2
deposit,15,7075,10
withdrawal,89,7079,15
deposit,8,7084,11
dispute,70,605
withdrawal,21,7089,11
dispute,69,1170
withdrawal,36,7095,9
deposit,27,7097,6
withdrawal,70,7102,11
deposit,15,7113,14
resolve,70,605
withdrawal,28,7124,11
withdrawal,84,7127,16
deposit,21,7129,18
deposit,14,7145,1
withdrawal,36,7151,18
resolve,27,4626
deposit,89,7154,14
resolve,15,4708
deposit,29,7176,0
withdrawal,36,7204,17
deposit,84,7214,13
withdrawal,29,7223,12
deposit,89,7227,3
deposit,15,7230,2
deposit,84,7249,10
withdrawal,53,7260,6
withdrawal,21,7267,18
deposit,36,7273,9
deposit,84,7277,14
withdrawal,27,7283,9
withdrawal,21,7298,19
withdrawal,89,7300,5
withdrawal,84,7303,11
deposit,29,7307,13
deposit,84,7313,15
deposit,36,7326,13
deposit,8,7332,4
deposit,89,7347,3
deposit,14,7350,12
withdrawal,28,7361,2
withdrawal,70,7365,18
deposit,14,7373,11
withdrawal,28,7402,1
dispute,89,852
withdrawal,69,7408,10
deposit,27,7412,17
deposit,69,7414,3
deposit,89,7419,1
withdrawal,21,7431,13
deposit,84,7432,18
dispute,29,1564
withdrawal,69,7436,10
dispute,36,6026
withdrawal,15,7455,18
deposit,21,7456,10
deposit,36,7483,12
dispute,14,3078
resolve,69,1170
resolve,89,852
withdrawal,29,7512,18
deposit,8,7518,19
withdrawal,69,7519,0
dispute,15,2909
withdrawal,36,7538,4
deposit,14,7539,8
deposit,28,7540,12
resolve,14,3078
resolve,29,1564
withdrawal,14,7565,3
withdrawal,69,7573,11
resolve,36,6026
deposit,8,7587,8
deposit,84,7588,11
withdrawal,15,7590,8
deposit,89,7602,6
withdrawal,14,7604,5
withdrawal,84,7612,13
deposit,89,7622,17
withdrawal,27,7627,15
withdrawal,36,7630,17
dispute,27,2844
deposit,21,7638,10
withdrawal,14,7641,14
deposit,15,7643,15
deposit,27,7651,16
withdrawal,69,7653,12
withdrawal,15,7665,5
deposit,29,7676,14
deposit,69,7679,3
deposit,14,7686,7
resolve,15,2909
deposit,69,7693,1
withdrawal,89,7695,15
deposit,21,7701,9
deposit,89,7715,10
deposit,70,7720,19
deposit,27,7727,16
deposit,89,7730,14
deposit,29,7740,8
withdrawal,89,7743,1
withdrawal,53,7744,19
withdrawal,8,7758,11
withdrawal,36,7759,7
withdrawal,84,7761,18
deposit,15,7767,13
deposit,70,7773,14
deposit,84,7779,15
deposit,29,7785,1
withdrawal,36,7799,17
deposit,15,7839,18
deposit,84,7847,15
deposit,27,7856,4
withdrawal,89,7860,5
dispute,69,6260
deposit,27,7884,17
dispute,8,187
chargeback,69,6260
withdrawal,8,7910,13
withdrawal,53,7912,3
deposit,21,7918,18
deposit,84,7921,8
chargeback,27,2844
deposit,28,7949,11
deposit,70,7962,11
withdrawal,28,7973,18
deposit,28,7983,19
deposit,8,7984,1
withdrawal,84,7986,8
withdrawal,15,7990,9
deposit,21,7991,5
deposit,84,8033,7
deposit,15,8041,15
deposit,15,8045,2
withdrawal,28,8054,13
deposit,8,8074,6
deposit,14,8075,11
deposit,15,8077,16
withdrawal,21,8082,18
deposit,28,8091,10
withdrawal,29,8110,12
deposit,89,8111,8
withdrawal,84,8117,13
dispute,70,987
chargeback,8,187
deposit,21,8130,5
deposit,21,8143,6
withdrawal,28,8157,7
deposit,36,8162,0
deposit,53,8163,17
deposit,28,8165,15
withdrawal,70,8179,2
dispute,21,8130
deposit,70,8198,5
deposit,53,8208,14
deposit,89,8211,5
withdrawal,28,8236,0
withdrawal,84,8243,14
withdrawal,15,8246,8
deposit,15,8247,19
withdrawal,36,8252,3
withdrawal,89,8261,12
withdrawal,15,8279,2
deposit,14,8293,16
dispute,21,7638
withdrawal,21,8304,16
deposit,29,8317,15
withdrawal,14,8322,18
withdrawal,53,8326,5
deposit,53,8333,8
withdrawal,28,8350,11
withdrawal,36,8359,8
withdrawal,89,8360,5
withdrawal,15,8369,18
deposit,53,8371,12
deposit,70,8394,4
deposit,21,8405,19
chargeback,70,987
deposit,21,8419,16
deposit,53,8421,9
withdrawal,21,8423,5
resolve,21,8130
deposit,89,8554,5
withdrawal,28,8558,5
withdrawal,36,8559,4
dispute,15,5723
deposit,15,8574,18
deposit,29,8577,5
deposit,53,8598,13
deposit,15,8599,7
deposit,15,8629,19
deposit,28,8644,5
deposit,36,8651,14
deposit,89,8661,11
withdrawal,29,8666,11
dispute,53,4677
withdrawal,28,8673,16
withdrawal,29,8677,1
withdrawal,84,8689,9
deposit,28,8724,19
chargeback,21,7638
chargeback,15,5723
dispute,14,3431
withdrawal,28,8809,4
deposit,14,8821,0
deposit,89,8831,4
withdrawal,84,8836,13
deposit,14,8838,19
deposit,14,8839,19
withdrawal,14,8841,7
deposit,28,8861,17
withdrawal,84,8881,12
withdrawal,53,8888,1
deposit,36,8899,12
chargeback,53,4677
dispute,36,2281
deposit,36,8934,8
deposit,89,8937,11
resolve,14,3431
withdrawal,14,8971,9
withdrawal,14,9008,17
deposit,14,9023,13
deposit,29,9033,0
withdrawal,84,9038,9
deposit,89,9105,3
withdrawal,28,9128,18
deposit,36,9136,2
withdrawal,36,9137,1
dispute,84,241
withdrawal,36,9170,13
withdrawal,14,9177,5
chargeback,36,2281
withdrawal,14,9195,15
deposit,89,9216,2
deposit,89,9229,4
deposit,89,9232,16
withdrawal,89,9262,5
withdrawal,28,9318,13
deposit,14,9359,0
deposit,14,9385,5
deposit,29,9401,3
withdrawal,84,9421,18
deposit,84,9433,4
deposit,28,9440,10
deposit,84,9453,9
deposit,29,9508,16
withdrawal,28,9520,18
withdrawal,14,9586,10
dispute,29,973
deposit,28,9594,8
withdrawal,84,9602,15
resolve,84,241
deposit,89,9626,18
dispute,29,4793
chargeback,29,973
withdrawal,14,9656,4
deposit,14,9687,3
withdrawal,14,9696,6
dispute,84,759
withdrawal,28,9722,13
deposit,28,9723,17
withdrawal,84,9737,2
deposit,14,9750,1
withdrawal,14,9753,8
withdrawal,14,9792,17
deposit,89,9863,10
deposit,28,9908,14
withdrawal,14,9924,1
deposit,28,9969,2
withdrawal,89,9999,0
deposit,28,10024,4
withdrawal,14,10029,6
deposit,14,10040,4
withdrawal,28,10041,8
withdrawal,28,10107,3
deposit,84,10121,19
deposit,28,10123,18
deposit,84,10133,8
withdrawal,84,10154,5
withdrawal,14,10202,19
withdrawal,28,10222,13
dispute,28,1622
deposit,89,10327,6
resolve,84,759
withdrawal,28,10350,16
deposit,14,10363,14
withdrawal,84,10421,10
deposit,84,10431,19
withdrawal,89,10434,17
withdrawal,28,10436,19
withdrawal,89,10438,6
deposit,28,10460,7
deposit,28,10576,7
withdrawal,28,10588,1
deposit,89,10593,8
deposit,14,10678,4
deposit,14,10724,13
deposit,14,10748,11
withdrawal,14,10750,5
deposit,14,10766,9
deposit,84,10785,0
deposit,89,10837,5
withdrawal,84,10854,18
withdrawal,28,10860,13
withdrawal,84,10899,16
deposit,14,10901,16
dispute,84,1534
resolve,28,1622
withdrawal,28,10930,9
deposit,14,10949,14
deposit,28,10952,3
withdrawal,89,10955,9
withdrawal,89,10958,1
dispute,89,9626
dispute,28,8673
deposit,14,10986,13
withdrawal,84,11023,14
deposit,14,11024,17
dispute,89,6500
withdrawal,28,11051,12
chargeback,89,9626
deposit,14,11083,4
chargeback,84,1534
withdrawal,28,11149,5
withdrawal,14,11209,11
withdrawal,28,11223,5
deposit,28,11268,3
withdrawal,14,11284,5
withdrawal,14,11365,9
resolve,28,8673
deposit,28,11388,1
withdrawal,28,11397,1
withdrawal,28,11400,19
deposit,14,11409,10
dispute,28,8724
deposit,28,11438,1
withdrawal,14,11480,19
withdrawal,28,11659,19
deposit,14,11673,9
deposit,14,11697,19
deposit,14,11733,9
deposit,14,11785,16
deposit,28,11932,0
deposit,28,11960,11
deposit,14,12001,8
withdrawal,28,12007,0
dispute,14,3927
deposit,14,12095,16
chargeback,28,8724
deposit,14,12231,9
deposit,14,12311,9
deposit,14,12354,5
deposit,14,12745,9
withdrawal,14,12788,8
deposit,14,12833,10
withdrawal,14,12962,5
withdrawal,14,12983,5
deposit,14,13170,14
withdrawal,14,13228,3
deposit,14,13324,11
deposit,14,13373,13
withdrawal,14,13375,2
deposit,14,13403,13
withdrawal,14,13425,11
withdrawal,14,13434,13
withdrawal,14,13653,0
deposit,14,13869,9
deposit,14,13929,4
deposit,14,14005,8
deposit,14,14086,5
deposit,14,14283,6
deposit,14,14464,9
withdrawal,14,14474,8
deposit,14,14565,8
deposit,14,14642,2
deposit,14,14643,11
dispute,14,4237
deposit,14,14687,17
deposit,14,14770,11
withdrawal,14,14786,9
resolve,14,3927
withdrawal,14,14945,4
deposit,14,14957,3
deposit,14,15241,0
deposit,14,15270,14
dispute,14,10750
withdrawal,14,15315,12
chargeback,14,4237
